label,producto_code,initialVolume,b,t0
p0,101,1081661353,82244880.85429548,1995
p1,102,5404524659,117415529.13038848,1995
p2,103,1641630793,129595936.51320198,1995
p3,104,910812886,31780892.362240802,1995
p4,105,931577106,90944010.28982459,1995
p5,106,389050323,35314838.53016672,1995
p6,201,9765071758,498299210.3521195,1995
p7,202,5364255186,665611297.9298558,1995
p8,203,10744471852,844857149.6402346,1995
p9,204,2016577465,189768809.9395029,1995
p10,205,382289752,3247900.234251681,1995
p11,206,1733493262,232230849.77588537,1995
p12,207,7921546776,758406170.6812253,1995
p13,208,602960810,9579395.105588658,1995
p14,209,137998164,30590617.24953422,1995
p15,210,1627328312,146668657.70420372,1995
p16,301,1263324896,30700641.085393727,1995
p17,302,5792778525,566796947.1670177,1995
p18,303,8399394978,644381567.9139919,1995
p19,304,5776990367,740876007.4839883,1995
p20,305,2568695562,150463878.6696727,1995
p21,306,12116971771,434380903.13264835,1995
p22,307,4877207885,255219709.5813794,1995
p23,401,3155878299,248876280.41181245,1995
p24,402,8722069551,468911906.413465,1995
p25,403,993903232,167057809.6031046,1995
p26,404,878793393,173120874.4049042,1995
p27,405,3723244198,176986389.44300255,1995
p28,406,10617426151,855264467.7305071,1995
p29,407,955618625,135175469.43332386,1995
p30,408,262448771,36327703.032461576,1995
p31,409,386089630,69298469.75768177,1995
p32,410,132279930,17594933.07567978,1995
p33,501,9447774,5611426.7900368795,1995
p34,502,137873826,831696.818250169,1995
p35,503,24381508,-1211736.8946945146,1995
p36,504,1309927338,150242957.78422585,1995
p37,505,891087655,29393359.67515947,1995
p38,506,228314645,2755258.785904741,1995
p39,507,118725750,362959.51714268135,1995
p40,508,131227456,777282.1186294705,1995
p41,509,16195797,-754321.771320363,1995
p42,510,132802649,3607479.9876368046,1995
p43,511,816261345,76635070.99373408,1995
p44,601,800500470,43743216.17788619,1995
p45,602,3076494745,264611812.51981494,1995
p46,603,3714396654,202707908.16917765,1995
p47,604,583613096,34859115.8005453,1995
p48,701,2371400364,72931634.83128718,1995
p49,702,2667032896,290209645.93831015,1995
p50,703,1644193770,206246696.66438454,1995
p51,704,888269760,90141219.97381973,1995
p52,705,941441376,79841750.06840712,1995
p53,706,531071484,57232497.13104072,1995
p54,707,899004010,71155788.9611788,1995
p55,708,422639475,49324840.81080992,1995
p56,709,3670524434,447409358.99928504,1995
p57,710,2075220124,199473663.71738204,1995
p58,711,504913442,6976649.596652226,1995
p59,712,1191426481,115990837.41098045,1995
p60,713,2691052165,311626450.67500305,1995
p61,714,655801964,79241551.94195874,1995
p62,801,1084753700,239516251.2640942,1995
p63,802,3200414555,562974047.9313216,1995
p64,803,5659486042,323919369.89426905,1995
p65,804,1488390655,416352712.3004003,1995
p66,805,5098592752,366493197.03708345,1995
p67,806,2816941851,324531536.2115011,1995
p68,807,1140019237,112444547.89530201,1995
p69,808,4046036517,263160585.46963596,1995
p70,809,1751971498,183159823.35697117,1995
p71,810,2157238544,515986589.6910395,1995
p72,811,1024082963,148377764.22527492,1995
p73,812,293862603,-5185401.392727898,1995
p74,813,604085246,78141661.01376921,1995
p75,814,31682523,2801592.510997828,1995
p76,901,14118027589,568379677.2837056,1995
p77,902,1966565073,231214339.82518768,1995
p78,903,73298080,4150580.00760181,1995
p79,904,890035009,123830116.18700874,1995
p80,905,118268616,23497004.35911089,1995
p81,906,146910276,14895217.29129909,1995
p82,907,31881149,16718732.582277235,1995
p83,908,123608910,30616142.887090385,1995
p84,909,145127916,31492285.931541458,1995
p85,910,459764221,86612894.77775054,1995
p86,1001,18008758503,1102548086.032339,1995
p87,1002,409505058,-6321265.084200583,1995
p88,1003,3018525565,170250977.9075729,1995
p89,1004,332154163,20833167.22190445,1995
p90,1005,10984475821,918601430.7453693,1995
p91,1006,6802612202,741914539.6951919,1995
p92,1007,849813522,31232691.22756007,1995
p93,1008,230965701,32283701.256044954,1995
p94,1101,2287652803,105512818.68914987,1995
p95,1102,191631707,30953666.433400586,1995
p96,1103,493365177,29731407.961568575,1995
p97,1104,1267636612,1698847.0269483433,1995
p98,1105,314479042,16165370.530944185,1995
p99,1106,138821047,17465147.8696548,1995
p100,1107,1571816184,96033519.95799628,1995
p101,1108,1161113913,120487376.3923054,1995
p102,1109,235900567,46218983.09489549,1995
p103,1201,7639312065,2021995329.1211977,1995
p104,1202,1058491918,66152985.78960303,1995
p105,1203,80481401,1591575.221297539,1995
p106,1204,283004265,23434678.13255448,1995
p107,1205,1691848859,369228923.76515144,1995
p108,1206,1076407941,112367889.03885491,1995
p109,1207,946391673,150732142.75827548,1995
p110,1208,196469586,61475490.33448854,1995
p111,1209,2136221663,229246267.4856535,1995
p112,1210,344849422,5776168.264140187,1995
p113,1211,1471585491,60571620.67016169,1995
p114,1212,641883137,36660141.70297071,1995
p115,1213,106985169,8339461.878097091,1995
p116,1214,731504877,82833991.56755733,1995
p117,1301,385927710,16814361.36229219,1995
p118,1302,1887592922,211389731.90545946,1995
p119,1401,209584762,-867152.5029567428,1995
p120,1402,7929722,-231544.17126516066,1995
p121,1403,39003020,-1772483.980377907,1995
p122,1404,356609473,18929590.734598678,1995
p123,1501,299470558,13520004.65292944,1995
p124,1502,1147540191,6295473.405799447,1995
p125,1503,63488569,1314089.4447472747,1995
p126,1504,460904104,58907770.02509367,1995
p127,1505,67782191,7284960.853608534,1995
p128,1506,87377808,12271340.197412707,1995
p129,1507,3825679597,268171241.44787073,1995
p130,1508,331738150,2364002.7568289847,1995
p131,1509,2325963870,216478713.9475031,1995
p132,1510,132457475,12844909.040383011,1995
p133,1511,5075810136,1195202181.786469,1995
p134,1512,2634341702,313746218.39148927,1995
p135,1513,1476015456,184294051.0552026,1995
p136,1514,1820909119,227431196.8550558,1995
p137,1515,1435271873,120240216.72606269,1995
p138,1516,1515842967,109146073.96161392,1995
p139,1517,1577922011,184963273.63977858,1995
p140,1518,379227803,95533821.41617553,1995
p141,1519,2490597444,246384832.87314847,1995
p142,1520,697180456,32537371.22231499,1995
p143,1521,115474069,9219648.659749812,1995
p144,1522,48024366,4759067.55597223,1995
p145,1601,1367423825,156325879.6667228,1995
p146,1602,4374978416,496373423.600209,1995
p147,1603,105089274,6128808.539439878,1995
p148,1604,5785644769,445120674.33322394,1995
p149,1605,3169041005,413355832.0936658,1995
p150,1701,12700316135,611244127.1118598,1995
p151,1702,1669666133,216848785.47454435,1995
p152,1703,761510882,8037900.62734453,1995
p153,1704,3862543063,301996075.3466322,1995
p154,1801,2666475350,259378442.71561846,1995
p155,1802,36743261,6736036.825912479,1995
p156,1803,499712768,118859984.73201984,1995
p157,1804,1518788886,149304415.51638183,1995
p158,1805,336502641,97079889.55919465,1995
p159,1806,7803294017,812285259.8817314,1995
p160,1901,3390303026,701856465.5452421,1995
p161,1902,2287359058,309941140.06674737,1995
p162,1903,26696411,3477538.963309855,1995
p163,1904,1184888889,227865679.09048468,1995
p164,1905,7250043667,1087878336.8201816,1995
p165,2001,666888244,58888343.47859447,1995
p166,2002,1681056614,128723159.5146486,1995
p167,2003,888376063,13685078.193896113,1995
p168,2004,1810788857,263682869.06663212,1995
p169,2005,3652531124,300105459.93285066,1995
p170,2006,181572230,18852626.187763017,1995
p171,2007,776977831,102057326.03399056,1995
p172,2008,4174789507,453146062.6196971,1995
p173,2009,5936792922,424470663.22442496,1995
p174,2101,2193294966,256514272.33786476,1995
p175,2102,633008591,75925072.59067857,1995
p176,2103,2423502228,408942207.7477008,1995
p177,2104,929787217,104051212.55377851,1995
p178,2105,1226800033,111432004.2343613,1995
p179,2106,9104035738,1235616835.5717444,1995
p180,2201,1190162574,113926560.09498785,1995
p181,2202,3155628848,708023194.7532531,1995
p182,2203,4652571605,447517833.86080897,1995
p183,2204,10240826723,1074876129.704551,1995
p184,2205,313260293,8835278.114095619,1995
p185,2206,259766983,52802017.33790996,1995
p186,2207,1679236275,297255722.7569233,1995
p187,2208,11032212954,809272724.0643363,1995
p188,2209,120665487,23730598.25698273,1995
p189,2301,2490378796,146912779.25864246,1995
p190,2302,536070864,61957303.0940614,1995
p191,2303,1744801499,133103517.67342949,1995
p192,2304,5855962610,897042707.9028407,1995
p193,2305,94857321,-2771248.937013575,1995
p194,2306,1537797013,209252198.95272756,1995
p195,2307,16460795,-71217.24163374305,1995
p196,2308,472242171,18956593.94554101,1995
p197,2309,7018215087,860648672.7273058,1995
p198,2401,5175647965,255019679.7552941,1995
p199,2402,15906133035,311848256.8717577,1995
p200,2403,1689784136,203290881.45449787,1995
p201,2501,1140185499,86698152.36389057,1995
p202,2502,55598488,1333146.14499031,1995
p203,2503,985167310,124748541.36679071,1995
p204,2504,185123985,13961449.055815713,1995
p205,2505,758777064,48744204.945352264,1995
p206,2506,129919527,16679066.55640089,1995
p207,2507,1371054505,17277573.27005419,1995
p208,2508,820984895,57223093.27784237,1995
p209,2509,103135681,3036285.707982419,1995
p210,2510,1182944478,89285923.98658264,1995
p211,2511,175252870,23399764.879738264,1995
p212,2512,112139406,3799470.8071385613,1995
p213,2513,145323675,7533382.642699662,1995
p214,2514,50102781,1884028.4910527135,1995
p215,2515,350548154,90513163.2014751,1995
p216,2516,1063184054,41077415.34495302,1995
p217,2517,1251530686,88130346.96642013,1995
p218,2518,211440060,16055619.688553542,1995
p219,2519,1040939006,34761831.94632322,1995
p220,2520,531883257,30327391.846887268,1995
p221,2521,191322367,23972776.848867346,1995
p222,2522,309286930,33230911.196333073,1995
p223,2523,4800733621,342450527.2036642,1995
p224,2524,443415998,-3585311.334296656,1995
p225,2525,71448110,5613693.04652603,1995
p226,2526,420794448,22058297.087933194,1995
p227,2527,7422237,-569072.2241553599,1995
p228,2528,157006495,6574997.543863958,1995
p229,2529,433018136,36742980.27446718,1995
p230,2530,790013926,52127331.823217236,1995
p231,2601,10052972780,4359955717.16934,1995
p232,2602,562996303,188920899.69901896,1995
p233,2603,5850891057,1980859632.990224,1995
p234,2604,281286393,164906012.88966233,1995
p235,2605,36222871,25207002.90554612,1995
p236,2606,1022787289,124437340.10487096,1995
p237,2607,485384516,230329332.8998786,1995
p238,2608,1785692721,310342444.0308118,1995
p239,2609,208759379,22093072.699094743,1995
p240,2610,382049241,96487663.41857992,1995
p241,2611,50734788,10116248.898339227,1995
p242,2612,291849448,18245575.310672145,1995
p243,2613,1599222804,150476520.6772585,1995
p244,2614,706567093,59821551.82695827,1995
p245,2615,521909423,47196043.26272659,1995
p246,2616,547926539,249677105.05556202,1995
p247,2617,141703788,10715028.918981135,1995
p248,2618,161699985,19904361.430899456,1995
p249,2619,165770186,19296375.770316742,1995
p250,2620,1340992164,221583445.968978,1995
p251,2621,117528616,14473336.840991657,1995
p252,2701,20000768853,3987841117.0078073,1995
p253,2702,322280563,111824469.22478077,1995
p254,2703,543158436,49516313.61622837,1995
p255,2704,2271520171,263362819.1458112,1995
p256,2705,5573532,1531535.702796612,1995
p257,2706,162065254,19810147.453045607,1995
p258,2707,2608509230,1033239664.2247343,1995
p259,2708,470390190,30360065.66456116,1995
p260,2709,187517062150,50595974839.16006,1995
p261,2710,122128906624,29320463955.881065,1995
p262,2711,42874954573,15972793100.75395,1995
p263,2712,1021355747,132278459.65499122,1995
p264,2713,2532692061,766286449.6571167,1995
p265,2714,314437286,33620093.10252518,1995
p266,2715,295309745,81369334.37431881,1995
p267,2716,8407228908,1343220063.4061668,1995
p268,2801,378873461,45930339.70380927,1995
p269,2802,109356035,10183737.999258742,1995
p270,2803,1103497488,149561600.07927603,1995
p271,2804,2179559741,453237407.82988185,1995
p272,2805,263854027,28276140.455497365,1995
p273,2806,127177613,7443439.259141036,1995
p274,2807,419118271,30314729.790593587,1995
p275,2808,103196195,9823116.595187819,1995
p276,2809,1444341255,129120742.24695627,1995
p277,2810,186454945,13728852.34101044,1995
p278,2811,1335857980,146942921.1916464,1995
p279,2812,204656766,26237489.699537262,1995
p280,2813,97949390,4540695.389357626,1995
p281,2814,2446667472,238311414.9834255,1995
p282,2815,2193499863,162202237.24304938,1995
p283,2816,82385713,5497140.089184871,1995
p284,2817,364700266,44545504.944213666,1995
p285,2818,6378774345,429451739.76897883,1995
p286,2819,191786003,11622889.381416127,1995
p287,2820,218751788,6989539.351342467,1995
p288,2821,835521982,7462808.79009527,1995
p289,2822,274743040,41863464.842206955,1995
p290,2823,1022631616,-9592759.023857236,1995
p291,2824,168423879,1324463.6892474128,1995
p292,2825,1393220487,133016349.95055547,1995
p293,2826,425775771,34073679.98205263,1995
p294,2827,878386558,75303194.72807626,1995
p295,2828,229001145,16503750.74258994,1995
p296,2829,380636327,16973225.250782512,1995
p297,2830,195272826,17792189.03087161,1995
p298,2831,155499977,5347688.265796202,1995
p299,2832,195341071,9589677.728170816,1995
p300,2833,1038392741,118874068.67064944,1995
p301,2834,413205522,37424474.546322875,1995
p302,2835,1535523449,104255872.0972531,1995
p303,2836,2187675361,211293054.38358015,1995
p304,2837,364754192,26913233.908743322,1995
p305,2838,42634894,-2123620.350444886,1995
p306,2839,384121189,15152533.141144333,1995
p307,2840,633364896,7941519.3542337855,1995
p308,2841,625954920,81751042.13732553,1995
p309,2842,188907065,36301698.14200901,1995
p310,2843,1212924360,267111703.43431148,1995
p311,2844,5256281708,444681510.8100849,1995
p312,2845,110124171,10725379.500815868,1995
p313,2846,427835310,44679376.294944145,1995
p314,2847,457739729,13014332.785418285,1995
p315,2848,20589025,2000166.9961750545,1995
p316,2849,942797573,51216650.89609044,1995
p317,2850,292161746,16715737.284525523,1995
p318,2851,248986748,52103382.725417845,1995
p319,2901,5053905207,914184608.8057773,1995
p320,2902,11475903300,1709910665.5250614,1995
p321,2903,5021185785,216891314.21455392,1995
p322,2904,616118470,36590420.603806525,1995
p323,2905,10043353806,1030398386.6973363,1995
p324,2906,517307439,73054104.61599036,1995
p325,2907,2577267891,211033062.9878431,1995
p326,2908,511870773,3890085.753802937,1995
p327,2909,3604333285,538141941.2127397,1995
p328,2910,1458207566,114530609.46992718,1995
p329,2911,62745466,1492275.703213162,1995
p330,2912,1088606027,47908571.467833824,1995
p331,2913,71717206,204251.59719149265,1995
p332,2914,3020314431,153253934.87997165,1995
p333,2915,5427970069,350725183.8813595,1995
p334,2916,4113547450,248561005.01838344,1995
p335,2917,7022030446,440714443.0271989,1995
p336,2918,4068882662,170044588.31791988,1995
p337,2919,305040028,26524848.99345025,1995
p338,2920,791925298,28552617.54607238,1995
p339,2921,4378873349,263079269.77455425,1995
p340,2922,5237735135,603821739.1411928,1995
p341,2923,633386002,66157988.95792286,1995
p342,2924,4310063563,121935103.14022626,1995
p343,2925,496577172,39349218.218165815,1995
p344,2926,3024479239,116964419.38318293,1995
p345,2927,257635289,12594299.978804274,1995
p346,2928,318185970,42706626.0132282,1995
p347,2929,2367026921,155045841.77805597,1995
p348,2930,2925692599,249690890.85886008,1995
p349,2931,1886814713,219437193.53629407,1995
p350,2932,3078370889,222782681.8670364,1995
p351,2933,14997008357,2624111765.612606,1995
p352,2934,5980229659,733920175.146235,1995
p353,2935,1129757487,366597915.8303009,1995
p354,2936,5352728910,76731688.3540322,1995
p355,2937,2498293217,641808973.0731635,1995
p356,2938,278277328,47926751.247398436,1995
p357,2939,1203589975,53579921.73864815,1995
p358,2940,160182797,39211369.29938642,1995
p359,2941,6843952962,267264858.86693022,1995
p360,2942,346870531,94891237.40517989,1995
p361,3001,720943402,167743316.1907236,1995
p362,3002,6470206941,5688355902.521592,1995
p363,3003,3551651778,491482744.0234301,1995
p364,3004,40625731594,14348504991.33795,1995
p365,3005,2027745690,236016237.40623644,1995
p366,3006,3090467498,490325133.2858424,1995
p367,3101,141114220,31220649.68032192,1995
p368,3102,8002708916,677999684.4369974,1995
p369,3103,818202645,52199763.29620104,1995
p370,3104,4053023398,552946831.9769742,1995
p371,3105,9097364883,524873554.91386664,1995
p372,3201,182408093,6483245.7056731675,1995
p373,3202,451437280,13539840.105339365,1995
p374,3203,294477130,38833455.74344889,1995
p375,3204,10932653062,43584568.07033614,1995
p376,3205,125274943,5926510.2449633805,1995
p377,3206,5118616256,357276388.5655216,1995
p378,3207,1413664745,148406766.1934252,1995
p379,3208,5025578687,412100112.68631387,1995
p380,3209,1566504707,209536737.88668168,1995
p381,3210,378964177,21612800.549594726,1995
p382,3211,98859440,5868952.728309286,1995
p383,3212,821519040,72891457.9053204,1995
p384,3213,433875000,8592028.732067252,1995
p385,3214,2068486118,268024658.43568972,1995
p386,3215,2741563429,494091517.2850784,1995
p387,3301,1336069976,143436139.1058538,1995
p388,3302,4082090681,846874382.4422457,1995
p389,3303,4497913670,562071039.5102262,1995
p390,3304,6390730923,1560845954.0310283,1995
p391,3305,2615797515,488882955.0638348,1995
p392,3306,1110866054,183267243.691411,1995
p393,3307,3412598145,376187587.5352393,1995
p394,3401,1934043418,233733969.42534602,1995
p395,3402,8364579474,1086083585.831855,1995
p396,3403,1833201522,321734231.64635235,1995
p397,3404,863032105,81791213.37058681,1995
p398,3405,787438610,69904595.14089046,1995
p399,3406,635520092,113474781.68503626,1995
p400,3407,186524384,27595429.50147009,1995
p401,3501,1336222025,41928483.892170765,1995
p402,3502,250089807,52794327.42428553,1995
p403,3503,815614435,43927962.74919307,1995
p404,3504,621165673,85998430.69134083,1995
p405,3505,1245171440,105330930.14519152,1995
p406,3506,2539706101,390348351.91754943,1995
p407,3507,1483134148,157443440.999853,1995
p408,3601,147215931,11247148.022038441,1995
p409,3602,268661903,29311740.544587262,1995
p410,3603,341688342,54960786.53336768,1995
p411,3604,456835639,33181841.787747595,1995
p412,3605,154616950,2355676.1833418715,1995
p413,3606,158485380,11307113.82026866,1995
p414,3701,4159937001,41415823.53829536,1995
p415,3702,6114016515,-189228178.6896341,1995
p416,3703,3495944229,-132531997.01632962,1995
p417,3704,106785926,-2436083.071691936,1995
p418,3705,431958896,42672361.17720386,1995
p419,3706,281792385,-120377.04728714107,1995
p420,3707,3973851604,131523882.8748455,1995
p421,3801,612432078,64189500.8412174,1995
p422,3802,727100725,75421455.49357313,1995
p423,3803,96288609,7303362.679092258,1995
p424,3804,160940677,13420648.391752902,1995
p425,3805,82816101,8033165.181120127,1995
p426,3806,889399010,33835980.8662354,1995
p427,3807,37182880,6174216.275588468,1995
p428,3808,10374140968,970649506.6508255,1995
p429,3809,1659429071,124592355.26675835,1995
p430,3810,457332920,57464961.50501735,1995
p431,3811,5011024090,269297578.062288,1995
p432,3812,1743911847,121963968.18118148,1995
p433,3813,119742065,6357136.457009118,1995
p434,3814,637029797,61359191.6815779,1995
p435,3815,3374447034,633525704.0023761,1995
p436,3816,829257918,60113053.11316945,1995
p437,3817,746370629,75915122.76936638,1995
p438,3818,3281816455,452528006.44,1995
p439,3819,249202875,25359800.470236786,1995
p440,3820,327093334,41255819.70335062,1995
p441,3821,323322579,67304918.97065124,1995
p442,3822,3928774855,935233091.1180062,1995
p443,3823,10594669830,1787807530.9274807,1995
p444,3901,16854951342,2506609047.473009,1995
p445,3902,9029606631,1439594196.9354227,1995
p446,3903,11411918673,496256613.66494024,1995
p447,3904,7931383079,484326465.8993163,1995
p448,3905,2090148323,112725745.42800827,1995
p449,3906,4768857130,470442228.13573986,1995
p450,3907,16772728744,1739745444.0877597,1995
p451,3908,4138306943,456721490.22453165,1995
p452,3909,4018029334,507461386.9645383,1995
p453,3910,2292818662,211286306.35654882,1995
p454,3911,3852656832,105141489.90941122,1995
p455,3912,2142068666,145591481.24705884,1995
p456,3913,609204122,86255229.18331106,1995
p457,3914,1048723120,21003672.151928477,1995
p458,3915,953477293,217249621.74633336,1995
p459,3916,1600706126,184964404.40409744,1995
p460,3917,5483731086,819049054.265049,1995
p461,3918,1875009847,241242656.11678872,1995
p462,3919,4174796163,694970868.8526347,1995
p463,3920,17577999551,1732966724.6096032,1995
p464,3921,7672632869,775244693.9581091,1995
p465,3922,1257344542,123300147.4694603,1995
p466,3923,12691877366,1706875250.2450352,1995
p467,3924,4283896918,551200338.3377187,1995
p468,3925,2837966235,361481974.6173819,1995
p469,3926,17915344355,2315966038.4572573,1995
p470,4001,7085972273,473737283.86077845,1995
p471,4002,7167086276,734773156.9302244,1995
p472,4003,54047120,13458200.92280738,1995
p473,4004,83176104,8419939.741080135,1995
p474,4005,1405412893,286106878.4542324,1995
p475,4006,263375798,16957201.02384013,1995
p476,4007,238953588,17286028.8770236,1995
p477,4008,1661556676,114064361.78854886,1995
p478,4009,2930947059,299897723.3106866,1995
p479,4010,2077660994,164391095.32110223,1995
p480,4011,20881771186,2531835792.7608156,1995
p481,4012,972034154,72087796.24665356,1995
p482,4013,645404848,25370476.844519496,1995
p483,4014,451760665,39039429.51605929,1995
p484,4015,1764000424,250643091.33002266,1995
p485,4016,6483296008,833289247.9238726,1995
p486,4017,148639422,7745769.186681777,1995
p487,4101,4442743727,-51018801.51430265,1995
p488,4102,1172370880,-20028836.51565448,1995
p489,4103,372736271,8750903.72187978,1995
p490,4104,10732574105,273556580.2419024,1995
p491,4105,1602399006,-25646012.59841664,1995
p492,4106,694091237,7972830.8414415335,1995
p493,4107,896876072,7186210.7477577925,1995
p494,4108,162373786,1009359.9418749511,1995
p495,4109,498136335,937094.3014883611,1995
p496,4110,96514068,-1051090.520221728,1995
p497,4111,169011196,2142262.653853234,1995
p498,4201,307210657,53025010.72244207,1995
p499,4202,15069353329,1772016399.5250268,1995
p500,4203,6024878941,76594103.82609215,1995
p501,4204,69313943,-2973776.473867596,1995
p502,4205,508216616,99232874.62806308,1995
p503,4206,68492824,-378199.5147699344,1995
p504,4301,1129920156,96261148.15710407,1995
p505,4302,1200851849,12640641.336939132,1995
p506,4303,1038147846,135275026.68856677,1995
p507,4304,50594962,1350188.6069731477,1995
p508,4401,2565228046,245016839.03519332,1995
p509,4402,199954309,38336302.76913161,1995
p510,4403,10680375104,203883269.0570298,1995
p511,4404,126241653,6347153.742338461,1995
p512,4405,25360488,3101951.6392274722,1995
p513,4406,143377874,9118361.162342552,1995
p514,4407,24615469059,414554201.96665627,1995
p515,4408,2252139177,45493850.46746227,1995
p516,4409,2211986194,125494054.66617626,1995
p517,4410,3607301791,211420203.64347172,1995
p518,4411,2110200183,400051186.6689474,1995
p519,4412,8702609182,235716022.39316028,1995
p520,4413,168517518,8943631.042457122,1995
p521,4414,481444066,20709486.105184782,1995
p522,4415,958448557,108150984.0775335,1995
p523,4416,148826073,32014892.911001205,1995
p524,4417,183800701,7775165.853258533,1995
p525,4418,5262773805,398252893.36202025,1995
p526,4419,490877741,28240230.130266756,1995
p527,4420,928595219,35597742.96268359,1995
p528,4421,2188419559,183684956.49654028,1995
p529,4501,102440619,4223844.81477453,1995
p530,4502,21734423,2015105.6343869418,1995
p531,4503,485173831,12913685.801667333,1995
p532,4504,431506874,17914499.225804854,1995
p533,4601,318871078,12952087.798446447,1995
p534,4602,937418183,34256715.074909285,1995
p535,4701,665180889,-16169684.755450299,1995
p536,4702,1452263718,101709537.23655851,1995
p537,4703,19239694411,402584625.4281482,1995
p538,4704,1733866247,-60371085.94199235,1995
p539,4705,875275461,42158338.32795779,1995
p540,4706,387095349,28695916.170334846,1995
p541,4707,3620019135,248061682.6674879,1995
p542,4801,11437878764,-188327015.19570908,1995
p543,4802,13675950610,270292897.66667706,1995
p544,4803,1309254588,108974260.55252324,1995
p545,4804,8302721534,197439206.2446671,1995
p546,4805,5558287273,280644583.9721526,1995
p547,4806,659651568,53236857.06618798,1995
p548,4807,714187964,2604106.199137603,1995
p549,4808,856887262,44435346.495355025,1995
p550,4809,1330055161,-15418042.217910007,1995
p551,4810,20656012882,422094852.046823,1995
p552,4811,7397143402,477523409.011438,1995
p553,4812,93476487,3357443.170381824,1995
p554,4813,897391261,55685263.20893981,1995
p555,4814,1198116726,23359195.086692024,1995
p556,4815,8360171,-27581.608531770296,1995
p557,4816,710401846,-8062188.5030331565,1995
p558,4817,579745322,24610800.409512118,1995
p559,4818,6971486321,881322068.1152545,1995
p560,4819,7703452831,659545420.7244563,1995
p561,4820,2226250797,102184722.56240064,1995
p562,4821,1583895859,143695225.86931178,1995
p563,4822,234598153,7964731.304993804,1995
p564,4823,6142042081,149574620.49928567,1995
p565,4901,9870084965,284747327.83639556,1995
p566,4902,4882723019,-13899622.167648926,1995
p567,4903,444946505,26928232.97560189,1995
p568,4904,101896948,217479.33746285914,1995
p569,4905,163330739,5419650.1772322105,1995
p570,4906,320586631,-5311577.3822734635,1995
p571,4907,718019702,105907815.33887236,1995
p572,4908,507965539,28504579.93539534,1995
p573,4909,589678014,32014065.52043278,1995
p574,4910,326805283,8130877.225502172,1995
p575,4911,5738293130,264798707.98545563,1995
p576,5001,42838926,-2102861.475656109,1995
p577,5002,503831234,-7698473.9920419995,1995
p578,5003,89698150,-1339807.3140867727,1995
p579,5004,199210402,3473970.08525789,1995
p580,5005,156945569,-2019131.8778072952,1995
p581,5006,11107521,507238.13265792653,1995
p582,5007,2161695390,-34954103.01356366,1995
p583,5101,3802555653,-33207591.231086094,1995
p584,5102,645697725,-12310038.584101507,1995
p585,5103,154059919,-2625180.390217917,1995
p586,5104,5759937,-16363.20645135548,1995
p587,5105,2173263385,-26430888.95032516,1995
p588,5106,717307522,-1725961.6415492238,1995
p589,5107,1440800518,1783394.7031433058,1995
p590,5108,207534652,16845298.928958148,1995
p591,5109,154557011,10659855.019369401,1995
p592,5110,7110535,-34389.88377232663,1995
p593,5111,1930353639,-42340646.683403976,1995
p594,5112,3200712232,-40915503.841188274,1995
p595,5113,14734036,382675.9419500513,1995
p596,5201,9274836807,202470083.8751476,1995
p597,5202,401848101,3982169.436315203,1995
p598,5203,165384021,8344781.291339652,1995
p599,5204,212001396,-1423277.564397106,1995
p600,5205,6332624898,247644859.37714633,1995
p601,5206,573637253,42848821.70567079,1995
p602,5207,300807734,5154396.607960337,1995
p603,5208,9582221842,167881929.6221389,1995
p604,5209,7138733071,22964524.245909486,1995
p605,5210,1704753412,30831370.50670644,1995
p606,5211,1151191011,96295524.02068037,1995
p607,5212,636945417,12465937.639603626,1995
p608,5301,417758186,11514147.240367329,1995
p609,5302,9130842,706575.6685789078,1995
p610,5303,107700215,5087848.395453811,1995
p611,5304,59475846,-2362744.632293553,1995
p612,5305,92416012,17863636.057657354,1995
p613,5306,295859936,5042294.405017614,1995
p614,5307,160483177,14748162.911855208,1995
p615,5308,210372499,-5784521.019418737,1995
p616,5309,1165562851,2908907.080875038,1995
p617,5310,194116880,-227316.9798476398,1995
p618,5311,245105484,4871029.830721229,1995
p619,5401,676527935,23251075.68145964,1995
p620,5402,11813407413,232922103.5647461,1995
p621,5403,2085415710,-42037996.05392877,1995
p622,5404,859487378,22218661.009342868,1995
p623,5405,27315023,288754.73246411985,1995
p624,5406,83026545,1281740.0152178507,1995
p625,5407,14888461917,384190596.89234596,1995
p626,5408,3357234980,-110499498.06683199,1995
p627,5501,911057169,17893542.348187592,1995
p628,5502,1354298458,41014340.62849496,1995
p629,5503,5402992827,67732803.99139932,1995
p630,5504,1711188679,34719516.23736619,1995
p631,5505,310046610,-3419203.815564841,1995
p632,5506,429436972,-5354949.124441687,1995
p633,5507,103081990,-3380206.6628978895,1995
p634,5508,517702948,11867475.707914345,1995
p635,5509,3996353416,59333073.535008326,1995
p636,5510,787146287,33487385.597385976,1995
p637,5511,197170230,9342090.066887371,1995
p638,5512,2068975699,38186252.91292439,1995
p639,5513,3107125663,-9677779.875065804,1995
p640,5514,1208522084,40560836.447372966,1995
p641,5515,2852442122,45631284.620285675,1995
p642,5516,5406548785,-123521336.0621077,1995
p643,5601,1097113201,64571033.88567889,1995
p644,5602,707529747,21199979.08943676,1995
p645,5603,4341791440,460932806.7735334,1995
p646,5604,1017684155,-28216170.29601684,1995
p647,5605,157276329,2891777.5916566993,1995
p648,5606,385005424,9072210.52817808,1995
p649,5607,919131185,65907401.399456695,1995
p650,5608,484679515,53860712.17830555,1995
p651,5609,149467372,17744549.91562514,1995
p652,5701,1888302675,-37540943.10932024,1995
p653,5702,2120995378,113103203.56866898,1995
p654,5703,4127202964,122095603.05258776,1995
p655,5704,511670718,10247612.536429413,1995
p656,5705,412696879,52145568.10806307,1995
p657,5801,1942365842,36887648.45824683,1995
p658,5802,248054654,-947596.030102009,1995
p659,5803,53862967,1881594.5683136433,1995
p660,5804,727260509,39335803.95371868,1995
p661,5805,47698354,-697575.8669894412,1995
p662,5806,1443242530,101771834.83095956,1995
p663,5807,556115588,30178930.770712286,1995
p664,5808,266188427,14146631.578808373,1995
p665,5809,34513954,331697.6108043492,1995
p666,5810,956815829,47789989.80789185,1995
p667,5811,127583311,8301301.292532891,1995
p668,5901,107647840,20308717.003248394,1995
p669,5902,1117060115,81607653.38012834,1995
p670,5903,5122199818,307109789.2674203,1995
p671,5904,262388588,5036713.604704123,1995
p672,5905,80773045,1305270.170305151,1995
p673,5906,776104400,29875713.686092664,1995
p674,5907,550636531,13528037.58667782,1995
p675,5908,33925101,630813.289687963,1995
p676,5909,93258200,13545536.319079787,1995
p677,5910,171011941,15736385.62056951,1995
p678,5911,2017523621,139217091.7368326,1995
p679,6001,1796582744,130186060.64160255,1995
p680,6002,8599465980,815461597.2229304,1995
p681,6101,411242861,92796285.76018614,1995
p682,6102,350452732,136532528.41325474,1995
p683,6103,1709180708,465189653.1428241,1995
p684,6104,5810951621,1147243146.4209414,1995
p685,6105,3872028604,164986177.1114654,1995
p686,6106,2518318947,112862793.48413038,1995
p687,6107,1972365721,203952260.44210485,1995
p688,6108,4640458944,331961405.126055,1995
p689,6109,9312609625,1398651706.5579345,1995
p690,6110,20431127297,1426211138.9776762,1995
p691,6111,2128683007,210568178.63486606,1995
p692,6112,1896511273,118086111.12057349,1995
p693,6113,129037404,44638894.24299772,1995
p694,6114,1461879210,209447870.32811877,1995
p695,6115,4071014458,402422137.9002971,1995
p696,6116,880882219,144487496.45389032,1995
p697,6117,681743880,110346869.9659791,1995
p698,6201,6134959963,305358918.1202501,1995
p699,6202,4928839057,533590116.7715999,1995
p700,6203,20194086578,1061134986.8741678,1995
p701,6204,23782685898,1565246318.1118383,1995
p702,6205,9746770026,140593035.29259378,1995
p703,6206,7390663479,206967424.41115406,1995
p704,6207,1093827791,15273934.611201052,1995
p705,6208,2142252046,2128228.443527674,1995
p706,6209,1126521055,62874739.3722978,1995
p707,6210,2398185140,416032387.6801369,1995
p708,6211,5927675822,249923825.75867718,1995
p709,6212,4245670335,283458879.1849685,1995
p710,6213,188762666,1231895.163568449,1995
p711,6214,1320372597,121265160.01770926,1995
p712,6215,900495924,-4553218.181138535,1995
p713,6216,484981306,21327272.028957333,1995
p714,6217,1584457815,52964265.77132254,1995
p715,6301,850829808,162626388.41251397,1995
p716,6302,5882954201,618467828.4554181,1995
p717,6303,734771283,182204225.34467068,1995
p718,6304,906715692,168811350.39965773,1995
p719,6305,1111248103,165792632.0499031,1995
p720,6306,1081541270,132682996.52635173,1995
p721,6307,2567695176,729355059.3023062,1995
p722,6308,64846569,1839528.4783175755,1995
p723,6309,1041299698,124036201.61462364,1995
p724,6310,344977538,12492766.140090503,1995
p725,6401,497990515,40264481.42318756,1995
p726,6402,9233306018,1013180034.4399524,1995
p727,6403,25065870657,1179631360.6600792,1995
p728,6404,5446494512,927313387.0638915,1995
p729,6405,1149454744,168729250.07947892,1995
p730,6406,4757128035,136185421.68265116,1995
p731,6501,28284492,757398.1670914218,1995
p732,6502,43958314,-1043528.3233414214,1995
p733,6503,57396785,-2511866.5688772495,1995
p734,6504,111439074,10586448.237447703,1995
p735,6505,1554692246,143878924.69883206,1995
p736,6506,729321874,107132570.97575317,1995
p737,6507,68117343,11886348.251102574,1995
p738,6601,1392150171,60310145.684482,1995
p739,6602,22311137,7722099.019804176,1995
p740,6603,316959736,-2015345.1371791959,1995
p741,6701,48948016,3865432.5116306646,1995
p742,6702,1865881081,30985073.10889756,1995
p743,6703,45706878,25211204.678031266,1995
p744,6704,361242749,129695160.14270443,1995
p745,6801,292050302,28419980.075663116,1995
p746,6802,3908175670,377569596.5419092,1995
p747,6803,382563603,13835399.432660284,1995
p748,6804,1637157556,120615993.78442656,1995
p749,6805,1562722791,121162215.18239787,1995
p750,6806,1473339158,129377350.03974026,1995
p751,6807,812170193,63568371.37348945,1995
p752,6808,167259092,13435239.762801588,1995
p753,6809,889560772,54709122.920803115,1995
p754,6810,1832137533,286616798.54741144,1995
p755,6811,370988581,40173620.97368349,1995
p756,6812,207430877,-3207109.217194575,1995
p757,6813,731459318,30954398.210497737,1995
p758,6814,154050152,6962931.295706909,1995
p759,6815,1461413414,228253929.95978823,1995
p760,6901,87217805,5235597.028769316,1995
p761,6902,2240103298,81136707.54159486,1995
p762,6903,980165019,46690191.31914777,1995
p763,6904,477866429,37857474.47577138,1995
p764,6905,318152136,23141151.843133867,1995
p765,6906,158911872,-279963.1266821325,1995
p766,6907,870246769,417263883.1358199,1995
p767,6908,5621663375,136536879.86936036,1995
p768,6909,1280013559,169372347.52260724,1995
p769,6910,1568994415,260698174.65364742,1995
p770,6911,2240213169,143527892.73000225,1995
p771,6912,1625358569,26567683.61490376,1995
p772,6913,1864442211,11603421.311105927,1995
p773,6914,930075620,27065561.00292522,1995
p774,7001,94804466,15053145.215421006,1995
p775,7002,819505437,42038414.89786097,1995
p776,7003,312541705,88079223.22073019,1995
p777,7004,228889530,69565230.95028603,1995
p778,7005,2839114087,136382560.33900797,1995
p779,7006,582426652,117948109.4201965,1995
p780,7007,3047057054,332108361.66464376,1995
p781,7008,319083564,64278022.40849384,1995
p782,7009,1332615478,209159225.45325705,1995
p783,7010,3152803920,292547286.1224031,1995
p784,7011,2291630206,-91507919.77846508,1995
p785,7012,70580587,-3830164.3952365587,1995
p786,7013,4497744245,183049951.29446006,1995
p787,7014,340155195,19091100.25193301,1995
p788,7015,222136402,-1958690.4616969568,1995
p789,7016,239472706,43923706.70832823,1995
p790,7017,474734184,29303593.5949651,1995
p791,7018,622144573,52174953.016324244,1995
p792,7019,4855644018,314948319.9945512,1995
p793,7020,618258864,125037942.56953198,1995
p794,7101,877236843,46471641.98988878,1995
p795,7102,38930343549,3855122557.29104,1995
p796,7103,2600779965,257985883.98250055,1995
p797,7104,453520495,44913439.50239397,1995
p798,7105,715592162,-12743833.863771366,1995
p799,7106,3795345216,896540258.8538623,1995
p800,7107,48822067,3639586.2766341544,1995
p801,7108,26117768891,12230119285.418043,1995
p802,7109,53527334,389958.38534034044,1995
p803,7110,5332588506,1417352807.7086349,1995
p804,7111,31476173,16742090.553335026,1995
p805,7112,2393810996,880448351.7053866,1995
p806,7113,14851372991,3231863204.616166,1995
p807,7114,569415364,101645616.74184145,1995
p808,7115,501827735,410682855.275621,1995
p809,7116,845034513,46115503.058687836,1995
p810,7117,1900927735,210005945.35057,1995
p811,7118,259094936,9998856.22481671,1995
p812,7201,2311865660,134247962.44746915,1995
p813,7202,8056753929,960670841.1898543,1995
p814,7203,532564664,122617141.6314222,1995
p815,7204,8334785624,1532594774.4858644,1995
p816,7205,747439911,64528073.77727591,1995
p817,7206,394094953,53716423.193275675,1995
p818,7207,9139925003,927721407.1083822,1995
p819,7208,21183088002,1449315391.7735827,1995
p820,7209,11865581663,241644785.554627,1995
p821,7210,15677246064,1532636678.6354542,1995
p822,7211,3067319669,88344253.06488754,1995
p823,7212,2053088875,103255306.86367945,1995
p824,7213,5423790055,314569734.4549318,1995
p825,7214,5807800280,594606268.6157517,1995
p826,7215,1336624337,75188319.26731157,1995
p827,7216,6627164841,383422313.1332201,1995
p828,7217,3088778948,184385326.97099718,1995
p829,7218,2291108552,-1622780.9768279362,1995
p830,7219,11907104266,844958237.6291664,1995
p831,7220,2302983833,118169733.60429378,1995
p832,7221,947662077,50538949.672224954,1995
p833,7222,2165852267,183872933.6884106,1995
p834,7223,826530951,56919216.092221,1995
p835,7224,866711780,126378997.76425613,1995
p836,7225,4274467679,1105887551.5744576,1995
p837,7226,1500238932,89685602.86045337,1995
p838,7227,807954597,214529760.0287499,1995
p839,7228,3276433042,570736386.3810349,1995
p840,7229,635606058,75380581.66123761,1995
p841,7301,791365705,59033179.834155746,1995
p842,7302,1167587220,133433519.4239476,1995
p843,7303,719588815,50343201.71992933,1995
p844,7304,7985722094,970582839.8554409,1995
p845,7305,2341791957,420286297.4373022,1995
p846,7306,7465256599,760806007.4948568,1995
p847,7307,4917083556,592850309.2998744,1995
p848,7308,10293388572,1657658735.8327959,1995
p849,7309,1185262242,131804818.907814,1995
p850,7310,2561385780,164562776.01712573,1995
p851,7311,943854343,111596334.3455617,1995
p852,7312,2174586064,197300073.67950228,1995
p853,7313,126119386,4732588.381847122,1995
p854,7314,1716435467,150003361.52393752,1995
p855,7315,1865362820,136695136.6522192,1995
p856,7316,71480903,9552821.560968917,1995
p857,7317,880577151,85699360.6438415,1995
p858,7318,9353035632,1167154352.967683,1995
p859,7319,185530874,6314759.228600077,1995
p860,7320,2190410685,205674453.09134793,1995
p861,7321,2419614784,355260995.4579942,1995
p862,7322,1763375483,81684718.3613659,1995
p863,7323,3507340568,344579636.81859624,1995
p864,7324,847097925,102216335.29548213,1995
p865,7325,2291693365,225979667.17000195,1995
p866,7326,9844166625,1656788089.9814308,1995
p867,7401,175613282,31305599.830488086,1995
p868,7402,1722002316,290752797.73577994,1995
p869,7403,13905052301,2184877517.6481037,1995
p870,7404,4787761955,756662700.4917319,1995
p871,7405,104676872,7632015.533140928,1995
p872,7406,216356761,34037742.45677636,1995
p873,7407,2642734191,158840398.85596964,1995
p874,7408,5728718759,633351936.4729153,1995
p875,7409,3306014202,234412199.4752123,1995
p876,7410,2459864426,185052134.16846925,1995
p877,7411,2919838911,174939144.69153118,1995
p878,7412,959868059,154092360.48596218,1995
p879,7413,410564280,69218277.93291396,1995
p880,7414,47091057,-1920438.3061326703,1995
p881,7415,330636493,31735639.021992683,1995
p882,7416,31964859,-1227149.6468087658,1995
p883,7417,15537734,-199131.81304676365,1995
p884,7418,407089110,15159055.014113033,1995
p885,7419,1167796655,120568022.54557538,1995
p886,7501,1798715794,227569500.44421697,1995
p887,7502,4552534499,542246220.5092095,1995
p888,7503,287850350,23390192.533251055,1995
p889,7504,379520282,27681865.440959454,1995
p890,7505,450973178,111040961.75505592,1995
p891,7506,444678073,48106604.28699473,1995
p892,7507,190767141,39126374.87348655,1995
p893,7508,416355255,46134031.45611854,1995
p894,7601,22403211263,1227095736.514244,1995
p895,7602,3144080046,436890498.8242543,1995
p896,7603,202483957,19620960.47278837,1995
p897,7604,4202957661,551681758.9978416,1995
p898,7605,1162413102,107264134.74777238,1995
p899,7606,11374493514,832320157.6237537,1995
p900,7607,4938165235,337443647.25146306,1995
p901,7608,693925946,76359283.40803519,1995
p902,7609,190078210,27648594.468752045,1995
p903,7610,2841801393,383447295.59792507,1995
p904,7611,94190504,5568127.537236187,1995
p905,7612,1867018540,139829372.14739668,1995
p906,7613,124974027,16620150.848061383,1995
p907,7614,363586007,47849900.57510317,1995
p908,7615,1341158895,154941851.1457263,1995
p909,7616,3984328292,551660811.2815549,1995
p910,7801,1266947050,238377677.16506785,1995
p911,7802,113718571,19185422.599656917,1995
p912,7803,49078422,-1410477.7560981065,1995
p913,7804,129807113,14702979.137786632,1995
p914,7805,8416239,-249225.32709075883,1995
p915,7806,103414919,13000688.663280599,1995
p916,7901,3691084986,425716776.9916055,1995
p917,7902,192020607,21768843.250455614,1995
p918,7903,164364289,15348960.923054397,1995
p919,7904,87973595,10084878.594034344,1995
p920,7905,366665387,15828305.481847933,1995
p921,7906,33124476,-160229.56789780408,1995
p922,7907,354640659,49665533.00435967,1995
p923,8001,1409938654,157782480.4688716,1995
p924,8002,42119286,5158815.772261836,1995
p925,8003,108242554,26325068.24809943,1995
p926,8004,59891720,-2684656.278805539,1995
p927,8005,42639315,-612596.1098252498,1995
p928,8006,4078879,74482.39747495716,1995
p929,8007,145168859,14140291.468005657,1995
p930,8101,332529049,36235558.40045308,1995
p931,8102,288626593,32317598.675058477,1995
p932,8103,482525967,23492538.162312973,1995
p933,8104,834990703,51354311.91868877,1995
p934,8105,1494884422,94537916.36598252,1995
p935,8106,45531710,7690161.113401214,1995
p936,8107,60720767,-422398.1301624213,1995
p937,8108,933694733,217482456.03120464,1995
p938,8109,235571226,9696441.12914806,1995
p939,8110,306046537,-2946409.25647317,1995
p940,8111,212339749,40251809.5983805,1995
p941,8112,408725762,69026051.15110888,1995
p942,8113,56776195,34183840.13199212,1995
p943,8201,581120467,47054015.63268465,1995
p944,8202,1611455581,112495422.21882352,1995
p945,8203,855164403,56286066.12238805,1995
p946,8204,850681548,84347598.6718237,1995
p947,8205,2632800303,195629270.28302217,1995
p948,8206,348750889,33080163.64919745,1995
p949,8207,7850235943,616160745.6662325,1995
p950,8208,964799812,87605536.83338308,1995
p951,8209,1718485850,203384060.080905,1995
p952,8210,190892418,14810762.125253802,1995
p953,8211,1081904776,60192928.76610332,1995
p954,8212,1341854188,156146712.16892335,1995
p955,8213,312633429,18356096.947155457,1995
p956,8214,339042537,28423892.75044414,1995
p957,8215,1075993251,67757101.2495422,1995
p958,8301,3533679732,402113304.82646704,1995
p959,8302,8082051793,1057976058.3944913,1995
p960,8303,380265474,34660886.54220567,1995
p961,8304,112842414,6876683.003545579,1995
p962,8305,640656565,13215698.690704169,1995
p963,8306,915831285,58193617.14699714,1995
p964,8307,634902616,90278545.80222543,1995
p965,8308,1282830341,78536210.61330144,1995
p966,8309,1751040365,213392743.69300482,1995
p967,8310,220773044,22953079.363746468,1995
p968,8311,1068799900,100051241.44845879,1995
p969,8401,1687589084,131668729.04516913,1995
p970,8402,2491606091,155866592.14546558,1995
p971,8403,2050112898,236747316.63782308,1995
p972,8404,841263648,61538141.75058198,1995
p973,8405,393186046,27106347.446127996,1995
p974,8406,2818981045,167548921.66892052,1995
p975,8407,22187153416,1059149370.4450836,1995
p976,8408,12198631995,1738043430.552561,1995
p977,8409,20524055277,1985885173.406021,1995
p978,8410,671119229,42219931.47592722,1995
p979,8411,27560367534,3948774348.349942,1995
p980,8412,3650932227,736437963.283011,1995
p981,8413,17437604264,2036927823.0392148,1995
p982,8414,20539414751,2254058448.547654,1995
p983,8415,10849601878,1438732682.2048671,1995
p984,8416,1217792353,71316315.32333398,1995
p985,8417,2538366246,109839667.73870736,1995
p986,8418,13417968506,1377494368.8773625,1995
p987,8419,12534805582,1210395906.1626015,1995
p988,8420,806031484,24916833.233194865,1995
p989,8421,13534207512,2169396081.907771,1995
p990,8422,11499854937,793850063.6731223,1995
p991,8423,1724699866,107721807.70674032,1995
p992,8424,5480579058,620855919.726454,1995
p993,8425,2147881484,229904565.8587515,1995
p994,8426,4026095776,523144899.09961843,1995
p995,8427,5496200683,505711485.2703222,1995
p996,8428,8792100428,879723754.6721486,1995
p997,8429,14222465940,1394977304.4626243,1995
p998,8430,2965802838,446854701.8005645,1995
p999,8431,19272180177,1876414525.4653578,1995
p1000,8432,1956462905,261022903.52044445,1995
p1001,8433,5651857742,641969888.0783819,1995
p1002,8434,987218011,48486992.87294283,1995
p1003,8435,182133478,11726769.54928011,1995
p1004,8436,1745146426,237168631.61251533,1995
p1005,8437,800020214,62708926.11887909,1995
p1006,8438,5496817729,329388634.56022114,1995
p1007,8439,4325192655,34098222.119310975,1995
p1008,8440,1027192715,6109701.634916311,1995
p1009,8441,3737647618,117957812.13024785,1995
p1010,8442,2122552057,-6647588.941479749,1995
p1011,8443,10726290257,2669865126.6975365,1995
p1012,8444,842941200,-712738.0395346228,1995
p1013,8445,4900018040,-80536921.53485705,1995
p1014,8446,2573515274,-38994970.6452292,1995
p1015,8447,2890771904,-1115212.0106954575,1995
p1016,8448,4654413693,-3547142.6831737766,1995
p1017,8449,199197879,34525193.04930808,1995
p1018,8450,4377102761,472546760.0696454,1995
p1019,8451,3931093183,169772772.73613122,1995
p1020,8452,4268671185,15671001.345488986,1995
p1021,8453,985357794,-540457.15197533,1995
p1022,8454,1750987176,66663923.81713149,1995
p1023,8455,3081082483,116639132.06169587,1995
p1024,8456,3020193708,250335934.24871328,1995
p1025,8457,3351259377,338302066.6990045,1995
p1026,8458,3486898467,162098411.89157084,1995
p1027,8459,2539861705,69343602.54183087,1995
p1028,8460,2692951465,88653817.6389457,1995
p1029,8461,1319366289,60243649.11392689,1995
p1030,8462,5498254307,212187707.57704422,1995
p1031,8463,1584084389,18233230.79011509,1995
p1032,8464,1729277574,61138582.96511009,1995
p1033,8465,4336351881,148714790.7620795,1995
p1034,8466,7363431028,506412265.30190045,1995
p1035,8467,3164027965,246528063.0911037,1995
p1036,8468,653162857,25369450.737493847,1995
p1037,8469,832915481,-44215123.072722465,1995
p1038,8470,3451413380,53712694.62762935,1995
p1039,8471,136105045338,8837038998.035723,1995
p1040,8472,3787411215,95749051.27316941,1995
p1041,8473,86011679147,4009312634.935384,1995
p1042,8474,5824137451,534104374.40652937,1995
p1043,8475,1610491350,101014383.58232893,1995
p1044,8476,819937794,46930258.900895774,1995
p1045,8477,12260343852,615446432.6433219,1995
p1046,8478,1593270358,2056004.8841636477,1995
p1047,8479,32073567367,3239450768.1427174,1995
p1048,8480,7814851374,432618553.66811424,1995
p1049,8481,19467892084,2929700583.151768,1995
p1050,8482,11755308624,856874151.7195934,1995
p1051,8483,13717781058,1752934176.9642234,1995
p1052,8484,1364891975,106810466.90163682,1995
p1053,8485,3577660727,294279798.5222537,1995
p1054,8501,15635664180,1556807722.120362,1995
p1055,8502,5055393276,884614036.4274244,1995
p1056,8503,5026687722,604016939.3368059,1995
p1057,8504,22683290604,2972400203.5999565,1995
p1058,8505,3036223540,235346927.2141177,1995
p1059,8506,3965233743,170389149.42395976,1995
p1060,8507,7984568889,1581739362.3957872,1995
p1061,8508,5662682850,423845381.01145494,1995
p1062,8509,5443800272,660459264.4661748,1995
p1063,8510,1730545162,83585411.3743952,1995
p1064,8511,6785158825,538233622.4258853,1995
p1065,8512,5256379407,960207855.2703164,1995
p1066,8513,977124985,102143245.64080893,1995
p1067,8514,2375946871,139502878.78354663,1995
p1068,8515,4832007934,286801384.1194782,1995
p1069,8516,13195912490,1402122266.0479639,1995
p1070,8517,37681917451,6741306272.675061,1995
p1071,8518,9535292157,1040213167.8828971,1995
p1072,8519,5818590991,-125462066.15516417,1995
p1073,8520,2847746083,-86064859.91566883,1995
p1074,8521,12108950083,1245086487.4312472,1995
p1075,8522,9625085235,-255481364.39509094,1995
p1076,8523,11401637678,1105984537.3178427,1995
p1077,8524,14074977962,43653619.955433235,1995
p1078,8525,31716227791,12032524732.090332,1995
p1079,8526,3072825469,768236658.7588949,1995
p1080,8527,24220883441,-500762654.3422623,1995
p1081,8528,20400484248,3081251825.6779137,1995
p1082,8529,22165406253,1699830111.1839216,1995
p1083,8530,736815121,88924735.9455036,1995
p1084,8531,6015499511,690667795.2034675,1995
p1085,8532,10367607321,682609200.0334804,1995
p1086,8533,4795754077,197329883.9624277,1995
p1087,8534,9778535714,1425187210.733486,1995
p1088,8535,3501057460,250640079.2155112,1995
p1089,8536,29888451590,2730270654.7675004,1995
p1090,8537,7816875811,2112578808.9531932,1995
p1091,8538,8728637282,1102218338.8324502,1995
p1092,8539,7845402425,286054883.1418399,1995
p1093,8540,17354480739,-744943203.5161475,1995
p1094,8541,22313225898,3685860042.1111116,1995
p1095,8542,147628530107,18386773386.07517,1995
p1096,8543,11021427498,1441166298.0193007,1995
p1097,8544,27156306885,3940391239.9119177,1995
p1098,8545,2170717067,194151440.80475512,1995
p1099,8546,1230502223,53045993.167181745,1995
p1100,8547,1615404807,172724935.91234022,1995
p1101,8548,8278644612,-162600772.0367937,1995
p1102,8601,247379046,47692396.521009594,1995
p1103,8602,974662794,43655392.725119,1995
p1104,8603,1102827880,228372756.03388995,1995
p1105,8604,440983904,31865733.21352912,1995
p1106,8605,1057887255,22914359.631350897,1995
p1107,8606,1003167283,172168321.89940968,1995
p1108,8607,2775095008,440960918.50134945,1995
p1109,8608,223903097,34145077.382583275,1995
p1110,8609,1730405107,286666379.85732406,1995
p1111,8701,20349908565,1406799858.3818948,1995
p1112,8702,5004932686,523002133.83934164,1995
p1113,8703,232971928837,21162155816.01307,1995
p1114,8704,42076407698,3834008060.0585394,1995
p1115,8705,3428353925,475105304.9463725,1995
p1116,8706,2811465653,30877579.85571185,1995
p1117,8707,2368494957,305990009.05981857,1995
p1118,8708,105634112315,11597192534.453516,1995
p1119,8709,467103598,54917679.5250899,1995
p1120,8710,2885460276,36042753.83057057,1995
p1121,8711,7678027500,732712881.6094168,1995
p1122,8712,2789921391,257706674.4720924,1995
p1123,8713,311644967,49924198.026740536,1995
p1124,8714,6384470490,523738142.37963516,1995
p1125,8715,662036758,62503039.17143829,1995
p1126,8716,6371657973,861833101.33334,1995
p1127,8801,93181602,-1607107.7431123226,1995
p1128,8802,46185306577,4873768002.750748,1995
p1129,8803,30633545472,2134006774.9105241,1995
p1130,8804,96145571,8240230.989575238,1995
p1131,8805,737127876,47986371.23402498,1995
p1132,8901,28092217998,2944947999.151448,1995
p1133,8902,723939286,36213720.963242345,1995
p1134,8903,3708842671,510223835.9794724,1995
p1135,8904,373503080,227688986.81481808,1995
p1136,8905,2690459985,1304596658.3041608,1995
p1137,8906,1214998620,185374689.40235853,1995
p1138,8907,321400825,50798507.87080405,1995
p1139,8908,162813440,76228817.5758231,1995
p1140,9001,3416645364,1180911276.710368,1995
p1141,9002,2184628047,529260388.97130567,1995
p1142,9003,2584153752,108254269.81343766,1995
p1143,9004,1784862789,312332281.91908133,1995
p1144,9005,696754397,30164960.21755204,1995
p1145,9006,7310809886,-201248077.8727409,1995
p1146,9007,414803963,24730698.232943777,1995
p1147,9008,693167012,-12251467.930389034,1995
p1148,9009,15444545389,-729901517.4325408,1995
p1149,9010,4296524245,1005778746.3030334,1995
p1150,9011,808980721,150680950.57582617,1995
p1151,9012,529683553,80849576.8771938,1995
p1152,9013,3388360436,3548902368.4797354,1995
p1153,9014,3297018967,183585205.26741567,1995
p1154,9015,2440056297,327009143.7029665,1995
p1155,9016,259776056,7363039.698406272,1995
p1156,9017,1436880445,44581960.6095711,1995
p1157,9018,21250804286,4068745282.166516,1995
p1158,9019,1724252328,445132128.0994042,1995
p1159,9020,391712021,54242263.11466712,1995
p1160,9021,5296591613,2210134763.980469,1995
p1161,9022,6905597515,691144647.1489089,1995
p1162,9023,1006279236,89724331.26129505,1995
p1163,9024,1347373706,48029910.68629423,1995
p1164,9025,1169037031,183608693.58206096,1995
p1165,9026,4625949588,714966992.1930206,1995
p1166,9027,8268949808,1429541331.9720278,1995
p1167,9028,1520751223,242605556.76480457,1995
p1168,9029,2680840407,219288738.61992645,1995
p1169,9030,9274579434,653965307.6135224,1995
p1170,9031,9002225810,1382611394.2572234,1995
p1171,9032,10077268529,1044487534.7700483,1995
p1172,9033,893604973,102933927.90156767,1995
p1173,9101,3093517552,464573983.5735207,1995
p1174,9102,9205182742,605292628.2198226,1995
p1175,9103,165149230,-3277217.374632858,1995
p1176,9104,123814423,512916.86784462584,1995
p1177,9105,1363915130,-6278860.545841531,1995
p1178,9106,249042498,4797948.849755641,1995
p1179,9107,577488535,-6076445.610820268,1995
p1180,9108,2220422672,-43583533.342646405,1995
p1181,9109,223594824,-7932382.453884321,1995
p1182,9110,569127603,-9976657.588667931,1995
p1183,9111,835600281,10552271.570571903,1995
p1184,9112,40273031,-575759.2065673105,1995
p1185,9113,1024451060,20630862.62816408,1995
p1186,9114,1444595214,5860511.1024274705,1995
p1187,9201,570600783,11687200.126537265,1995
p1188,9202,289546242,28455318.094835185,1995
p1189,9203,54975339,-2806503.3438124284,1995
p1190,9204,56478686,-1645782.4480800629,1995
p1191,9205,350413129,20660060.69568106,1995
p1192,9206,178794468,13124549.274423014,1995
p1193,9207,1201436093,34759508.95692835,1995
p1194,9208,254093864,-6212132.674751669,1995
p1195,9209,766437681,28236379.043673843,1995
p1196,9301,549688863,17822840.033923242,1995
p1197,9302,333073339,20272692.44571063,1995
p1198,9303,477953295,39186473.0137228,1995
p1199,9304,126343657,25312134.6777907,1995
p1200,9305,721073274,48386505.66034365,1995
p1201,9306,3459618810,144734593.0090384,1995
p1202,9307,311408246,-13233163.939806698,1995
p1203,9401,16945684195,2592923688.667031,1995
p1204,9402,859023084,135114926.97394717,1995
p1205,9403,25543363894,2632697690.952343,1995
p1206,9404,2807949130,567947800.107862,1995
p1207,9405,9875870885,1564664657.5622847,1995
p1208,9406,2636828154,266615324.3589562,1995
p1209,9501,415213102,-12366622.20686048,1995
p1210,9502,2797881992,-144418288.9676381,1995
p1211,9503,14356894939,1100987163.9189527,1995
p1212,9504,7997043892,1014973470.987208,1995
p1213,9505,2709131146,171083630.62105703,1995
p1214,9506,9499670310,672293155.1886835,1995
p1215,9507,1509993887,61316385.34419366,1995
p1216,9508,512377732,36466570.60105762,1995
p1217,9601,129122671,-296854.4800923963,1995
p1218,9602,341645923,24954492.768340304,1995
p1219,9603,2043260243,291178998.779631,1995
p1220,9604,21092883,851315.5988162402,1995
p1221,9605,112835611,6414968.839435995,1995
p1222,9606,1315441492,11679241.0043608,1995
p1223,9607,1047498104,72736720.86187029,1995
p1224,9608,3173733763,123147880.39045894,1995
p1225,9609,583361174,39715664.76527903,1995
p1226,9610,94982296,21862960.78219177,1995
p1227,9611,206189266,5715989.13602939,1995
p1228,9612,1403934423,8619507.167357264,1995
p1229,9613,1056040103,29156133.5112632,1995
p1230,9614,48016682,11102445.067041898,1995
p1231,9615,570737183,37761729.55015949,1995
p1232,9616,280917050,54829137.87479356,1995
p1233,9617,528393087,64623818.81332936,1995
p1234,9618,146145316,20218562.30758822,1995
p1235,9701,3940567264,658303470.498477,1995
p1236,9702,52128060,635876.2886273109,1995
p1237,9702,156332576,14324494.70068571,1995
p1238,9703,538224231,155483219.43470004,1995
p1239,9704,234095767,-3130887.1321267006,1995
p1240,9705,379410199,37542807.17353109,1995
p1241,9706,1541684664,70719985.26481028,1995
p1242,XXXX,44155516832,-2324102722.8505945,1995
p1243,financial,62180674811,26235703989.543686,1995
p1244,ict,378081493692,72237961969.88565,1995
p1245,transport,241684473692,32978876896.522724,1995
p1246,travel,351881396042,41286424527.7088,1995
p1247,unspecified,695153281,19964707133.132442,1995
p1248,9999,261033859334,24821970003.11145,2000
